customer_id,first_name,last_name,address,city,country,total_amount
1,Mary,Smith,1913 Hanoi Way,Sasebo,Japan,114.7
2,Patricia,Johnson,1121 Loja Avenue,San Bernardino,United States,123.74
3,Linda,Williams,692 Joliet Street,Athenai,Greece,130.76
4,Barbara,Jones,1566 Inegl Manor,Myingyan,Myanmar,81.78
5,Elizabeth,Brown,53 Idfu Parkway,Nantou,Taiwan,134.65
6,Jennifer,Davis,1795 Santiago de Compostela Way,Laredo,United States,84.75
7,Maria,Miller,900 Santiago de Compostela Parkway,Kragujevac,Yugoslavia,130.72
8,Susan,Wilson,478 Joliet Way,Hamilton,New Zealand,85.77
9,Margaret,Moore,613 Korolev Drive,Masqat,Oman,78.8
10,Dorothy,Taylor,1531 Sal Drive,Esfahan,Iran,94.76
11,Lisa,Anderson,1542 Tarlac Parkway,Sagamihara,Japan,99.77
12,Nancy,Thomas,808 Bhopal Manor,Yamuna Nagar,India,93.74
13,Karen,Jackson,270 Amroha Parkway,Osmaniye,Turkey,131.73
14,Betty,White,770 Bydgoszcz Avenue,Citrus Heights,United States,96.77
15,Helen,Harris,419 Iligan Lane,Bhopal,India,134.68
16,Sandra,Martin,360 Toulouse Parkway,Southend-on-Sea,United Kingdom,109.75
17,Donna,Thompson,270 Toulon Boulevard,Elista,Russian Federation,87.82
18,Carol,Garcia,320 Brest Avenue,Kaduna,Nigeria,78.81
19,Ruth,Martinez,1417 Lancaster Avenue,Kimberley,South Africa,98.82
20,Sharon,Robinson,1688 Okara Way,Mardan,Pakistan,103.73
21,Michelle,Clark,262 A Corua (La Corua) Parkway,Tangail,Bangladesh,146.68
22,Laura,Rodriguez,28 Charlotte Amalie Street,Sal,Morocco,94.81
23,Sarah,Lewis,1780 Hino Boulevard,Liepaja,Latvia,106.73
24,Kimberly,Lee,96 Tafuna Way,Crdoba,Argentina,85.77
25,Deborah,Walker,934 San Felipe de Puerto Plata Street,Shikarpur,Pakistan,104.73
26,Jessica,Hall,18 Duisburg Boulevard,Citt del Vaticano,Holy See (Vatican City State),146.68
27,Shirley,Allen,217 Botshabelo Place,Davao,Philippines,123.7
28,Cynthia,Young,1425 Shikarpur Manor,Munger (Monghyr),India,105.7
29,Angela,Hernandez,786 Aurora Avenue,Shimonoseki,Japan,138.65
30,Melissa,King,1668 Anpolis Street,Lungtan,Taiwan,123.66
31,Brenda,Wright,33 Gorontalo Way,Kamarhati,India,104.74
32,Amy,Lopez,176 Mandaluyong Place,Jhansi,India,112.74
33,Anna,Hill,127 Purnea (Purnia) Manor,Alessandria,Italy,88.8
34,Rebecca,Scott,61 Tama Street,Kurashiki,Japan,89.76
35,Virginia,Green,391 Callao Drive,Toulouse,France,118.7
36,Kathleen,Adams,334 Munger (Monghyr) Lane,Arak,Iran,90.75
37,Pamela,Baker,1440 Fukuyama Loop,Nanyang,China,91.79
38,Martha,Gonzalez,269 Cam Ranh Parkway,Chisinau,Moldova,127.66
39,Debra,Nelson,306 Antofagasta Place,Vila Velha,Brazil,141.71
40,Amanda,Carter,671 Graz Street,Nador,Morocco,105.74
41,Stephanie,Mitchell,42 Brindisi Place,Yerevan,Armenia,118.75
42,Carolyn,Perez,1632 Bislig Avenue,Pak Kret,Thailand,111.71
43,Christine,Roberts,1447 Imus Way,Faaa,French Polynesia,89.78
44,Marie,Turner,1998 Halifax Drive,Lipetsk,Russian Federation,101.79
45,Janet,Phillips,1718 Valencia Street,Antofagasta,Chile,124.74
46,Catherine,Campbell,46 Pjatigorsk Lane,Moscow,Russian Federation,131.69
47,Frances,Parker,686 Garland Manor,Juazeiro do Norte,Brazil,92.81
48,Ann,Evans,909 Garland Manor,Niznekamsk,Russian Federation,67.86
49,Joyce,Edwards,725 Isesaki Place,Jedda,Saudi Arabia,116.76
50,Diane,Collins,115 Hidalgo Parkway,Omdurman,Sudan,144.7
51,Alice,Stewart,1135 Izumisano Parkway,Fontana,United States,123.7
52,Julie,Sanchez,939 Probolinggo Loop,A Corua (La Corua),Spain,106.72
53,Heather,Morris,17 Kabul Boulevard,Nagareyama,Japan,88.76
54,Teresa,Rogers,1964 Allappuzha (Alleppey) Street,Iwakuni,Japan,114.74
55,Doris,Reed,1697 Kowloon and New Kowloon Loop,Balaiha,Russian Federation,84.81
56,Gloria,Cook,1668 Saint Louis Place,Papeete,French Polynesia,115.74
57,Evelyn,Morgan,943 Tokat Street,Vaduz,Liechtenstein,99.74
58,Jean,Bell,1114 Liepaja Street,Kuching,Malaysia,105.76
59,Cheryl,Murphy,1213 Ranchi Parkway,Mysore,India,119.76
60,Mildred,Bailey,81 Hodeida Way,Jaipur,India,88.78
61,Katherine,Rivera,915 Ponce Place,Basel,Switzerland,57.87
62,Joan,Cooper,1717 Guadalajara Lane,Saint Louis,United States,78.79
63,Ashley,Richardson,1214 Hanoi Way,Lincoln,United States,112.75
64,Judith,Cox,1966 Amroha Avenue,Daxian,China,91.7
65,Rose,Howard,698 Otsu Street,Cayenne,French Guiana,97.8
66,Janice,Ward,1150 Kimchon Manor,Malm,Sweden,139.67
67,Kelly,Torres,1586 Guaruj Place,Xiangtan,China,86.8
68,Nicole,Peterson,57 Arlington Manor,Shivapuri,India,94.78
69,Judy,Gray,1031 Daugavpils Parkway,Bchar,Algeria,89.77
70,Christina,Ramirez,1124 Buenaventura Drive,al-Hawiya,Saudi Arabia,75.83
71,Kathy,James,492 Cam Ranh Street,Baybay,Philippines,116.72
72,Theresa,Watson,89 Allappuzha (Alleppey) Manor,Taguig,Philippines,88.73
73,Beverly,Brooks,1947 Poos de Caldas Boulevard,Chiayi,Taiwan,89.78
74,Denise,Kelly,1206 Dos Quebradas Place,Rio Claro,Brazil,96.74
75,Tammy,Sanders,1551 Rampur Lane,Changhwa,Taiwan,149.61
76,Irene,Price,602 Paarl Street,Pavlodar,Kazakstan,74.79
77,Jane,Bennett,1692 Ede Loop,Araatuba,Brazil,85.77
78,Lori,Wood,936 Salzburg Lane,Rae Bareli,India,141.69
79,Rachel,Barnes,586 Tete Way,Kamakura,Japan,73.81
80,Marilyn,Ross,1888 Kabul Drive,Ife,Nigeria,137.7
81,Andrea,Henderson,320 Baiyin Parkway,Mahajanga,Madagascar,92.79
82,Kathryn,Coleman,927 Baha Blanca Parkway,Simferopol,Ukraine,118.76
83,Louise,Jenkins,929 Tallahassee Loop,Springs,South Africa,96.78
84,Sara,Perry,125 Citt del Vaticano Boulevard,Atlixco,Mexico,128.7
85,Anne,Powell,1557 Ktahya Boulevard,Bradford,United Kingdom,72.79
86,Jacqueline,Long,870 Ashqelon Loop,Songkhla,Thailand,146.68
87,Wanda,Patterson,1740 Portoviejo Avenue,Sincelejo,Colombia,137.72
88,Bonnie,Hughes,1942 Ciparay Parkway,Cheju,South Korea,84.8
89,Julia,Flores,1926 El Alto Avenue,La Plata,Argentina,124.71
90,Ruby,Washington,1952 Chatsworth Drive,Meixian,China,110.72
91,Lois,Butler,1370 Le Mans Avenue,Bandar Seri Begawan,Brunei,107.66
92,Tina,Simmons,984 Effon-Alaiye Avenue,Goinia,Brazil,122.74
93,Phyllis,Foster,832 Nakhon Sawan Manor,Zalantun,China,76.8
94,Norma,Gonzales,152 Kitwe Parkway,Bislig,Philippines,71.81
95,Paula,Bryant,1697 Tanauan Lane,Pathankot,India,72.83
96,Diana,Alexander,1308 Arecibo Way,Augusta-Richmond County,United States,105.73
97,Annie,Russell,1599 Plock Drive,Tete,Mozambique,58.82
98,Lillian,Griffin,669 Firozabad Loop,al-Ayn,United Arab Emirates,102.76
99,Emily,Diaz,588 Vila Velha Manor,Kimchon,South Korea,90.77
100,Robin,Hayes,1913 Kamakura Place,Jelets,Russian Federation,101.77
101,Peggy,Myers,733 Mandaluyong Place,Abha,Saudi Arabia,86.77
102,Crystal,Ford,659 Vaduz Drive,Ashdod,Israel,129.7
103,Gladys,Hamilton,1177 Jelets Way,Ilorin,Nigeria,128.71
104,Rita,Graham,1386 Yangor Avenue,Toulon,France,77.78
105,Dawn,Sullivan,454 Nakhon Sawan Boulevard,Funafuti,Tuvalu,93.78
106,Connie,Wallace,1867 San Juan Bautista Tuxtepec Avenue,Ivanovo,Russian Federation,95.79
107,Florence,Woods,1532 Dzerzinsk Way,Merlo,Argentina,114.72
108,Tracy,Cole,1002 Ahmadnagar Manor,Huixquilucan,Mexico,126.72
109,Edna,West,682 Junan Way,Klerksdorp,South Africa,79.81
110,Tiffany,Jordan,804 Elista Drive,Enshi,China,49.88
111,Carmen,Owens,1378 Alvorada Avenue,Caracas,Venezuela,94.75
112,Rosa,Reynolds,793 Cam Ranh Avenue,Lancaster,United States,129.72
113,Cindy,Fisher,1079 Tel Aviv-Jaffa Boulevard,Cuman,Venezuela,111.73
114,Grace,Ellis,442 Rae Bareli Place,Duisburg,Germany,126.7
115,Wendy,Harrison,1107 Nakhon Sawan Avenue,Nezahualcyotl,Mexico,86.73
116,Victoria,Gibson,544 Malm Parkway,Pemalang,Indonesia,106.74
117,Edith,Mcdonald,1967 Sincelejo Place,Gandhinagar,India,69.83
118,Kim,Cruz,333 Goinia Way,Grand Prairie,United States,76.8
119,Sherry,Marshall,1987 Coacalco de Berriozbal Loop,Shubra al-Khayma,Egypt,139.69
120,Sylvia,Ortiz,241 Mosul Lane,Dos Quebradas,Colombia,134.7
121,Josephine,Gomez,211 Chiayi Drive,Etawah,India,104.75
122,Thelma,Murray,1175 Tanauan Way,Lima,Peru,120.7
123,Shannon,Freeman,117 Boa Vista Way,Varanasi (Benares),India,97.77
124,Sheila,Wells,848 Tafuna Manor,Ktahya,Turkey,57.86
125,Ethel,Webb,569 Baicheng Lane,Boksburg,South Africa,131.69
126,Ellen,Simpson,1666 Qomsheh Drive,Po,Brazil,102.75
127,Elaine,Stevens,801 Hagonoy Drive,Smolensk,Russian Federation,105.78
128,Marjorie,Tucker,1050 Garden Grove Avenue,Jastrzebie-Zdrj,Poland,118.7
129,Carrie,Porter,1854 Tieli Street,Liaocheng,China,124.66
130,Charlotte,Hunter,758 Junan Lane,guas Lindas de Gois,Brazil,87.78
131,Monica,Hicks,1752 So Leopoldo Parkway,Mukateve,Ukraine,112.73
132,Esther,Crawford,898 Belm Manor,Botshabelo,South Africa,95.72
133,Pauline,Henry,261 Saint Louis Way,Torren,Mexico,88.75
134,Emma,Boyd,765 Southampton Drive,Qalyub,Egypt,77.81
135,Juanita,Mason,943 Johannesburg Avenue,Pune,India,100.72
136,Anita,Morales,788 Atinsk Street,Hubli-Dharwad,India,59.86
137,Rhonda,Kennedy,1749 Daxian Place,Apeldoorn,Netherlands,191.62
138,Hazel,Warren,1587 Sullana Lane,Hohhot,China,106.68
139,Amber,Dixon,1029 Dzerzinsk Manor,Touliu,Taiwan,113.73
140,Eva,Ramos,1666 Beni-Mellal Place,Clarksville,United States,83.82
141,Debbie,Reyes,928 Jaffna Loop,Fukuyama,Japan,127.69
142,April,Burns,483 Ljubertsy Parkway,Dundee,United Kingdom,74.77
143,Leslie,Gordon,374 Bat Yam Boulevard,Kilis,Turkey,83.8
144,Clara,Shaw,1027 Songkhla Manor,Molodetno,Belarus,189.6
145,Lucille,Holmes,999 Sanaa Loop,Soshanguve,South Africa,107.73
146,Jamie,Rice,879 Newcastle Way,Sterling Heights,United States,126.73
147,Joanne,Robertson,1337 Lincoln Parkway,Urawa,Japan,125.68
148,Eleanor,Hunt,1952 Pune Lane,Saint-Denis,Runion,211.55
149,Valerie,Black,782 Mosul Street,Brockton,United States,116.75
150,Danielle,Daniels,781 Shimonoseki Drive,Hidalgo,Mexico,94.78
151,Megan,Palmer,1560 Jelets Boulevard,Laiwu,China,81.75
152,Alicia,Mills,1963 Moscow Place,Nagaon,India,73.81
153,Suzanne,Nichols,456 Escobar Way,Jakarta,Indonesia,94.76
154,Michele,Grant,798 Cianjur Avenue,Yuncheng,China,110.73
155,Gail,Knight,185 Novi Sad Place,Bern,Switzerland,106.76
156,Bertha,Ferguson,1367 Yantai Manor,Ondo,Nigeria,89.77
157,Darlene,Rose,1386 Nakhon Sawan Boulevard,Pyongyang,North Korea,107.71
158,Veronica,Stone,369 Papeete Way,Greensboro,United States,115.7
159,Jill,Hawkins,1440 Compton Place,Linz,Austria,58.83
160,Erin,Dunn,1623 Baha Blanca Manor,Ljubertsy,Russian Federation,106.73
161,Geraldine,Perkins,97 Shimoga Avenue,Tel Aviv-Jaffa,Israel,94.76
162,Lauren,Hudson,1740 Le Mans Loop,Le Mans,France,59.83
163,Cathy,Spencer,1287 Xiangfan Boulevard,Kakamigahara,Japan,122.71
164,Joann,Gardner,842 Salzburg Lane,Tarsus,Turkey,64.85
165,Lorraine,Stephens,154 Tallahassee Loop,Hami,China,81.8
166,Lynn,Payne,710 San Felipe del Progreso Avenue,Lilongwe,Malawi,121.73
167,Sally,Pierce,1540 Wroclaw Drive,Chandrapur,India,108.71
168,Regina,Berry,475 Atinsk Way,Jinchang,China,129.68
169,Erica,Matthews,1294 Firozabad Drive,Pingxiang,China,86.8
170,Beatrice,Arnold,1877 Ezhou Lane,Udaipur,India,109.77
171,Dolores,Wagner,316 Uruapan Street,Ipoh,Malaysia,104.75
172,Bernice,Willis,29 Pyongyang Loop,Batman,Turkey,133.7
173,Audrey,Ray,1010 Klerksdorp Way,Graz,Austria,111.73
174,Yvonne,Watkins,1848 Salala Boulevard,Ocumare del Tuy,Venezuela,81.81
175,Annette,Olson,431 Xiangtan Avenue,Allappuzha (Alleppey),India,98.76
176,June,Carroll,757 Rustenburg Avenue,Skikda,Algeria,151.68
177,Samantha,Duncan,146 Johannesburg Way,Matamoros,Mexico,71.77
178,Marion,Snyder,1891 Rizhao Boulevard,Santa Brbara dOeste,Brazil,194.61
179,Dana,Hart,1089 Iwatsuki Avenue,Kirovo-Tepetsk,Russian Federation,120.74
180,Stacy,Cunningham,1410 Benin City Parkway,Pereira,Colombia,95.78
181,Ana,Bradley,682 Garden Grove Place,Memphis,United States,167.67
182,Renee,Lane,533 al-Ayn Boulevard,Compton,United States,92.76
183,Ida,Andrews,1839 Szkesfehrvr Parkway,Luzinia,Brazil,75.78
184,Vivian,Ruiz,741 Ambattur Manor,s-Hertogenbosch,Netherlands,80.8
185,Roberta,Harper,927 Barcelona Street,Shahr-e Kord,Iran,79.8
186,Holly,Fox,435 0 Way,Haldia,India,111.71
187,Brittany,Riley,140 Chiayi Parkway,Sumy,Ukraine,151.73
188,Melanie,Armstrong,1166 Changhwa Street,Bayugan,Philippines,92.75
189,Loretta,Carpenter,891 Novi Sad Manor,Oshawa,Canada,87.79
190,Yolanda,Weaver,605 Rio Claro Parkway,Tabora,Tanzania,102.75
191,Jeanette,Greene,1077 San Felipe de Puerto Plata Place,Novoterkassk,Russian Federation,66.82
192,Laurie,Lawrence,9 San Miguel de Tucumn Manor,Firozabad,India,97.78
193,Katie,Elliott,447 Surakarta Loop,Kisumu,Kenya,105.77
194,Kristen,Chavez,345 Oshawa Boulevard,Hino,Japan,74.84
195,Vanessa,Sims,1792 Valle de la Pascua Place,Siegen,Germany,86.81
196,Alma,Austin,1074 Binzhou Manor,Mannheim,Germany,128.69
197,Sue,Peters,817 Bradford Loop,Changzhou,China,133.68
198,Elsie,Kelley,955 Bamenda Way,Ikerre,Nigeria,124.68
199,Beth,Franklin,1149 A Corua (La Corua) Boulevard,Haiphong,Vietnam,95.76
200,Jeanne,Lawson,387 Mwene-Ditu Drive,Ashgabat,Turkmenistan,126.74
201,Vicki,Fields,68 Molodetno Manor,Witten,Germany,91.78
202,Carla,Gutierrez,642 Nador Drive,Bhusawal,India,103.74
203,Tara,Ryan,1688 Nador Lane,Gorontalo,Indonesia,87.81
204,Rosemary,Schmidt,1215 Pyongyang Parkway,Usak,Turkey,134.69
205,Eileen,Carr,1679 Antofagasta Street,Ciudad del Este,Paraguay,80.82
206,Terri,Vasquez,1304 s-Hertogenbosch Way,Blumenau,Brazil,126.73
207,Gertrude,Castillo,850 Salala Loop,Nuuk,Greenland,119.72
208,Lucy,Wheeler,624 Oshawa Boulevard,Balurghat,India,86.75
209,Tonya,Chapman,43 Dadu Avenue,Bhilwara,India,147.71
210,Ella,Oliver,751 Lima Loop,Aden,Yemen,134.7
211,Stacey,Montgomery,1333 Haldia Street,Fuyu,China,146.67
212,Wilma,Richards,660 Jedda Boulevard,Bellevue,United States,91.8
213,Gina,Williamson,1001 Miyakonojo Lane,Taizz,Yemen,110.73
214,Kristin,Johnston,226 Brest Manor,Sunnyvale,United States,103.74
215,Jessie,Banks,1229 Valencia Parkway,Stara Zagora,Bulgaria,81.76
216,Natalie,Meyer,1201 Qomsheh Manor,Aparecida de Goinia,Brazil,90.78
217,Agnes,Bishop,866 Shivapuri Manor,Sambhal,India,86.79
218,Vera,Mccoy,1168 Najafabad Parkway,Kabul,Afghanistan,67.82
219,Willie,Howell,1244 Allappuzha (Alleppey) Place,Vicente Lpez,Argentina,100.75
220,Charlene,Alvarez,1842 Luzinia Boulevard,Zanzibar,Tanzania,109.75
221,Bessie,Morrison,1926 Gingoog Street,Syrakusa,Italy,127.73
222,Delores,Hansen,810 Palghat (Palakkad) Boulevard,Jaroslavl,Russian Federation,71.84
223,Melinda,Fernandez,1820 Maring Parkway,Mandi Bahauddin,Pakistan,77.84
224,Pearl,Garza,60 Poos de Caldas Street,Jodhpur,India,76.78
225,Arlene,Harvey,1014 Loja Manor,Ambattur,India,111.76
226,Maureen,Little,201 Effon-Alaiye Way,Asuncin,Paraguay,87.79
227,Colleen,Burton,430 Alessandria Loop,Saarbrcken,Germany,78.78
228,Allison,Stanley,754 Valencia Place,Phnom Penh,Cambodia,86.75
229,Tamara,Nguyen,356 Olomouc Manor,Anpolis,Brazil,93.75
230,Joy,George,1256 Bislig Boulevard,Botosani,Romania,118.69
231,Georgia,Jacobs,954 Kimchon Place,Uttarpara-Kotrung,India,88.77
232,Constance,Reid,885 Yingkou Manor,Zaria,Nigeria,86.77
233,Lillie,Kim,1736 Cavite Place,Idfu,Egypt,89.77
234,Claudia,Fuller,346 Skikda Parkway,Jalib al-Shuyukh,Kuwait,106.75
235,Jackie,Lynch,98 Stara Zagora Boulevard,Buenaventura,Colombia,89.77
236,Marcia,Dean,1479 Rustenburg Boulevard,Tanza,Philippines,166.61
237,Tanya,Gilbert,647 A Corua (La Corua) Street,Naju,South Korea,138.69
238,Nellie,Garrett,1964 Gijn Manor,Shimoga,India,86.81
239,Minnie,Romero,47 Syktyvkar Lane,Ciomas,Indonesia,108.72
240,Marlene,Welch,1148 Saarbrcken Parkway,Iwaki,Japan,106.77
241,Heidi,Larson,1103 Bilbays Parkway,Xiangfan,China,110.68
242,Glenda,Frazier,1246 Boksburg Parkway,Qinhuangdao,China,128.71
243,Lydia,Burke,1483 Pathankot Street,San Miguel de Tucumn,Argentina,77.77
244,Viola,Hanson,582 Papeete Loop,Lapu-Lapu,Philippines,122.7
245,Courtney,Day,300 Junan Street,Uijongbu,South Korea,103.74
246,Marian,Mendoza,829 Grand Prairie Way,Maring,Brazil,76.82
247,Stella,Moreno,1473 Changhwa Parkway,Coacalco de Berriozbal,Mexico,88.81
248,Caroline,Bowman,1309 Weifang Street,Tallahassee,United States,37.87
249,Dora,Medina,1760 Oshawa Manor,Tianjin,China,88.81
250,Jo,Fowler,786 Stara Zagora Way,Oyo,Nigeria,54.85
251,Vickie,Brewer,1966 Tonghae Street,Halle/Saale,Germany,100.75
252,Mattie,Hoffman,1497 Yuzhou Drive,London,United Kingdom,58.8
253,Terry,Carlson,752 Ondo Loop,Miyakonojo,Japan,116.74
254,Maxine,Silva,1338 Zalantun Lane,Poos de Caldas,Brazil,107.7
255,Irma,Pearson,127 Iwakuni Boulevard,Hagonoy,Philippines,70.82
256,Mabel,Holland,51 Laredo Avenue,Monywa,Myanmar,97.75
257,Marsha,Douglas,771 Yaound Manor,Beira,Mozambique,142.66
258,Myrtle,Fleming,532 Toulon Street,Santiago de los Caballeros,Dominican Republic,110.76
259,Lena,Jensen,1027 Banjul Place,Halisahar,India,154.7
260,Christy,Vargas,1158 Mandi Bahauddin Parkway,Datong,China,113.7
261,Deanna,Byrd,862 Xintai Lane,Tuguegarao,Philippines,90.78
262,Patsy,Davidson,816 Cayenne Parkway,Portoviejo,Ecuador,114.73
263,Hilda,Hopkins,1831 Nam Dinh Loop,Mandaluyong,Philippines,116.73
264,Gwendolyn,May,446 Kirovo-Tepetsk Lane,Higashiosaka,Japan,98.75
265,Jennie,Terry,682 Halisahar Place,Olomouc,Czech Republic,132.72
266,Nora,Herrera,1587 Loja Manor,Salzburg,Austria,113.74
267,Margie,Wade,1762 Paarl Parkway,Lengshuijiang,China,142.67
268,Nina,Soto,1519 Ilorin Place,Palghat (Palakkad),India,96.79
269,Cassandra,Walters,920 Kumbakonam Loop,Salinas,United States,96.79
270,Leah,Curtis,906 Goinia Way,Kalisz,Poland,75.81
271,Penny,Neal,1675 Xiangfan Manor,Kumbakonam,India,56.84
272,Kay,Caldwell,85 San Felipe de Puerto Plata Drive,Yantai,China,65.87
273,Priscilla,Lowe,144 South Hill Loop,Salamanca,Mexico,130.72
274,Naomi,Jennings,1884 Shikarpur Avenue,Karnal,India,116.73
275,Carole,Barnett,1980 Kamjanets-Podilskyi Street,Peoria,United States,92.75
276,Brandy,Graves,1944 Bamenda Way,Warren,United States,94.77
277,Olga,Jimenez,556 Baybay Manor,Ogbomosho,Nigeria,108.76
278,Billie,Horton,457 Tongliao Loop,Inegl,Turkey,71.79
279,Dianne,Shelton,600 Bradford Street,Tabriz,Iran,114.76
280,Tracey,Barrett,1006 Santa Brbara dOeste Manor,Owo,Nigeria,103.77
281,Leona,Obrien,1308 Sumy Loop,Fuzhou,China,32.9
282,Jenny,Castro,1405 Chisinau Place,Ponce,Puerto Rico,79.8
283,Felicia,Sutton,226 Halifax Street,Korla,China,68.77
284,Sonia,Gregory,1279 Udine Parkway,Benin City,Nigeria,108.78
285,Miriam,Mckinney,1336 Benin City Drive,Otsu,Japan,117.77
286,Velma,Lucas,1155 Liaocheng Place,Effon-Alaiye,Nigeria,96.76
287,Becky,Miles,1993 Tabuk Lane,Tambaram,India,80.78
288,Bobbie,Craig,86 Higashiosaka Lane,Valle de Santiago,Mexico,52.81
289,Violet,Rodriquez,1912 Allende Manor,Kowloon and New Kowloon,Hong Kong,104.76
290,Kristina,Chambers,544 Tarsus Boulevard,Valle de la Pascua,Venezuela,80.78
291,Toni,Holt,1936 Cuman Avenue,Roanoke,United States,73.83
292,Misty,Lambert,1192 Tongliao Street,Sharja,United Arab Emirates,102.78
293,Mae,Fletcher,44 Najafabad Way,Donostia-San Sebastin,Spain,107.79
294,Shelly,Watts,32 Pudukkottai Lane,Dayton,United States,105.77
295,Daisy,Bates,661 Chisinau Lane,Kolpino,Russian Federation,125.72
296,Ramona,Hale,951 Stara Zagora Manor,Patiala,India,103.77
297,Sherri,Rhodes,922 Vila Velha Loop,Ahmadnagar,India,99.74
298,Erika,Pena,898 Jining Lane,Oulu,Finland,78.79
299,James,Gannon,1635 Kuwana Boulevard,Hiroshima,Japan,84.79
300,John,Farnsworth,41 El Alto Parkway,Parbhani,India,123.74
301,Robert,Baughman,1883 Maikop Lane,Kaliningrad,Russian Federation,71.85
302,Michael,Silverman,1908 Gaziantep Place,Tiefa,China,113.74
303,William,Satterfield,687 Alessandria Parkway,Sanaa,Yemen,70.81
304,David,Royal,827 Yuncheng Drive,Callao,Peru,79.81
305,Richard,Mccrary,913 Coacalco de Berriozbal Loop,Arlington,United States,87.8
306,Charles,Kowalski,715 So Bernardo do Campo Lane,Sungai Petani,Malaysia,119.72
307,Joseph,Joy,1354 Siegen Street,Angra dos Reis,Brazil,92.8
308,Thomas,Grigsby,1191 Sungai Petani Boulevard,Kansas City,United States,81.81
309,Christopher,Greco,1224 Huejutla de Reyes Boulevard,Brescia,Italy,113.75
310,Daniel,Cabral,543 Bergamo Avenue,Ibirit,Brazil,68.87
311,Paul,Trout,746 Joliet Lane,Kursk,Russian Federation,80.85
312,Mark,Rinehart,780 Kimberley Way,Tabuk,Saudi Arabia,81.8
313,Donald,Mahon,1774 Yaound Place,Ezhou,China,63.84
314,George,Linton,1957 Yantai Lane,Sorocaba,Brazil,113.71
315,Kenneth,Gooden,1542 Lubumbashi Boulevard,Bat Yam,Israel,67.86
316,Steven,Curley,651 Pathankot Loop,Miraj,India,80.81
317,Edward,Baugh,1359 Zhoushan Parkway,Trshavn,Faroe Islands,96.76
318,Brian,Wyman,1769 Iwaki Lane,Bydgoszcz,Poland,27.93
319,Ronald,Weiner,1145 Vilnius Manor,San Felipe del Progreso,Mexico,93.79
320,Anthony,Schwab,1892 Nabereznyje Telny Lane,Tafuna,American Samoa,47.85
321,Kevin,Schuler,470 Boksburg Street,Birgunj,Nepal,93.83
322,Jason,Morrissey,1427 A Corua (La Corua) Place,Baha Blanca,Argentina,81.81
323,Matthew,Mahan,479 San Felipe del Progreso Avenue,Cuautla,Mexico,91.75
324,Gary,Coy,867 Benin City Avenue,Yuzhou,China,95.78
325,Timothy,Bunn,981 Kumbakonam Place,Braslia,Brazil,72.82
326,Jose,Andrew,1016 Iwakuni Street,Kingstown,Saint Vincent and the Grenadines,64.82
327,Larry,Thrasher,663 Baha Blanca Parkway,Adana,Turkey,74.81
328,Jeffrey,Spear,1860 Taguig Loop,Ciparay,Indonesia,65.83
329,Frank,Waggoner,1816 Bydgoszcz Loop,Jamalpur,Bangladesh,98.77
330,Scott,Shelley,587 Benguela Manor,Aurora,United States,60.82
331,Eric,Robert,430 Kumbakonam Drive,Santa F,Argentina,105.78
332,Stephen,Qualls,1838 Tabriz Lane,Dhaka,Bangladesh,107.74
333,Andrew,Purdy,431 Szkesfehrvr Avenue,Baku,Azerbaijan,89.78
334,Raymond,Mcwhorter,503 Sogamoso Loop,Sumqayit,Azerbaijan,108.75
335,Gregory,Mauldin,507 Smolensk Loop,Sousse,Tunisia,73.78
336,Joshua,Mark,1920 Weifang Avenue,Rampur,India,93.78
337,Jerry,Jordon,124 al-Manama Way,Onomichi,Japan,111.76
338,Dennis,Gilman,1443 Mardan Street,Paarl,South Africa,78.8
339,Walter,Perryman,1909 Benguela Lane,Xinxiang,China,95.76
340,Patrick,Newsom,68 Ponce Parkway,Hanoi,Vietnam,83.77
341,Peter,Menard,1217 Konotop Avenue,Ede,Netherlands,103.78
342,Harold,Martino,1293 Nam Dinh Way,Boa Vista,Brazil,130.68
343,Douglas,Graf,785 Vaduz Street,Mexicali,Mexico,106.77
344,Henry,Billingsley,1516 Escobar Drive,Nukualofa,Tonga,64.84
345,Carl,Artis,1628 Nagareyama Lane,San Lorenzo,Paraguay,104.79
346,Arthur,Simpkins,1157 Nyeri Loop,Maikop,Russian Federation,145.7
347,Ryan,Salisbury,1673 Tangail Drive,Daugavpils,Latvia,142.7
348,Roger,Quintanilla,381 Kabul Way,Hsichuh,Taiwan,144.66
349,Joe,Gilliland,953 Hodeida Street,Imus,Philippines,133.72
350,Juan,Fraley,469 Nakhon Sawan Street,Teboksary,Russian Federation,63.79
351,Jack,Foust,1378 Beira Loop,Zeleznogorsk,Russian Federation,87.77
352,Albert,Crouse,1641 Changhwa Place,Bamenda,Cameroon,96.78
353,Jonathan,Scarborough,1698 Southport Loop,Pachuca de Soto,Mexico,65.83
354,Justin,Ngo,519 Nyeri Manor,Santo Andr,Brazil,125.67
355,Terry,Grissom,619 Hunuco Avenue,Matsue,Japan,68.81
356,Gerald,Fultz,45 Aparecida de Goinia Place,Satna,India,116.71
357,Keith,Rico,482 Kowloon and New Kowloon Manor,Bratislava,Slovakia,80.77
358,Samuel,Marlow,604 Bern Place,Ranchi,India,75.8
359,Willie,Markham,1623 Kingstown Drive,Almirante Brown,Argentina,85.78
360,Ralph,Madrigal,1009 Zanzibar Lane,Arecibo,Puerto Rico,144.68
361,Lawrence,Lawton,114 Jalib al-Shuyukh Manor,Yaound,Cameroon,89.71
362,Nicholas,Barfield,1163 London Parkway,Belm,Brazil,140.69
363,Roy,Whiting,1658 Jastrzebie-Zdrj Loop,Nyeri,Kenya,139.72
364,Benjamin,Varney,817 Laredo Avenue,Guadalajara,Mexico,89.78
365,Bruce,Schwarz,1565 Tangail Manor,Okinawa,Japan,92.79
366,Brandon,Huey,1912 Emeishan Drive,Balikesir,Turkey,145.64
367,Adam,Gooch,230 Urawa Drive,Adoni,India,97.8
368,Harry,Arce,1922 Miraj Way,Najafabad,Iran,139.69
369,Fred,Wheat,433 Florencia Street,Jurez,Mexico,69.79
370,Wayne,Truong,1049 Matamoros Parkway,Gulbarga,India,70.81
371,Billy,Poulin,1061 Ede Avenue,Cabuyao,Philippines,123.71
372,Steve,Mackenzie,154 Oshawa Manor,Probolinggo,Indonesia,152.68
373,Louis,Leone,1191 Tandil Drive,Tanauan,Philippines,156.66
374,Jeremy,Hurtado,1133 Rizhao Avenue,Vitria de Santo Anto,Brazil,98.75
375,Aaron,Selby,1519 Santiago de los Caballeros Loop,Mwene-Ditu,"Congo, The Democratic Republic of the",88.8
376,Randy,Gaither,1618 Olomouc Manor,Kurgan,Russian Federation,109.73
377,Howard,Fortner,220 Hidalgo Drive,Kermanshah,Iran,93.74
378,Eugene,Culpepper,686 Donostia-San Sebastin Lane,Shenzhen,China,70.82
379,Carlos,Coughlin,97 Mogiljov Lane,Bhavnagar,India,96.79
380,Russell,Brinson,1642 Charlotte Amalie Drive,Tychy,Poland,132.65
381,Bobby,Boudreau,1368 Maracabo Boulevard,South Hill,Anguilla,99.68
382,Victor,Barkley,401 Sucre Boulevard,Manchester,United States,85.78
383,Martin,Bales,368 Hunuco Boulevard,Namibe,Angola,93.75
384,Ernest,Stepp,500 Lincoln Parkway,Huaian,China,77.79
385,Phillip,Holm,102 Chapra Drive,Tama,Japan,93.76
386,Todd,Tan,1793 Meixian Place,Kamjanets-Podilskyi,Ukraine,109.72
387,Jesse,Schilling,514 Ife Way,Lubumbashi,"Congo, The Democratic Republic of the",79.78
388,Craig,Morrell,717 Changzhou Lane,Cavite,Philippines,114.72
389,Alan,Kahn,753 Ilorin Avenue,Emeishan,China,119.75
390,Shawn,Heaton,1337 Mit Ghamr Avenue,Nakhon Sawan,Thailand,142.69
391,Clarence,Gamez,767 Pyongyang Drive,Izumisano,Japan,79.75
392,Sean,Douglass,614 Pak Kret Street,Addis Abeba,Ethiopia,91.77
393,Philip,Causey,954 Lapu-Lapu Way,Korolev,Russian Federation,115.71
394,Chris,Brothers,331 Bydgoszcz Parkway,Gijn,Spain,77.8
395,Johnny,Turpin,1152 Citrus Heights Manor,al-Qadarif,Sudan,57.81
396,Earl,Shanks,168 Cianjur Manor,Iwatsuki,Japan,105.74
397,Jimmy,Schrader,616 Hagonoy Avenue,Atinsk,Russian Federation,104.72
398,Antonio,Meek,1190 0 Place,Bag,Brazil,73.85
399,Danny,Isom,734 Bchar Place,Okara,Pakistan,73.82
400,Bryan,Hardison,530 Lausanne Lane,Dallas,United States,105.76
401,Tony,Carranza,454 Patiala Lane,Koriyama,Japan,62.81
402,Luis,Yanez,1346 Mysore Drive,Brest,France,77.81
403,Mike,Way,990 Etawah Loop,Valparai,India,162.67
404,Stanley,Scroggins,1266 Laredo Parkway,Omiya,Japan,133.71
405,Leonard,Schofield,88 Nagaon Manor,Tandil,Argentina,101.7
406,Nathan,Runyon,264 Bhimavaram Manor,Charlotte Amalie,"Virgin Islands, U.S.",121.69
407,Dale,Ratcliff,1639 Saarbrcken Drive,Rustenburg,South Africa,104.74
408,Manuel,Murrell,692 Amroha Drive,Jaffna,Sri Lanka,103.73
409,Rodney,Moeller,1936 Lapu-Lapu Parkway,Deba Habe,Nigeria,97.78
410,Curtis,Irby,432 Garden Grove Street,Richmond Hill,Canada,167.62
411,Norman,Currier,1445 Carmen Parkway,Cianjur,Indonesia,73.76
412,Allen,Butterfield,791 Salinas Street,Hoshiarpur,India,74.83
413,Marvin,Yee,126 Acua Parkway,Berhampore (Baharampur),India,65.81
414,Vincent,Ralston,397 Sunnyvale Avenue,Allende,Mexico,96.77
415,Glenn,Pullen,992 Klerksdorp Loop,Amersfoort,Netherlands,88.78
416,Jeffery,Pinson,966 Arecibo Loop,Dadu,Pakistan,113.72
417,Travis,Estep,289 Santo Andr Manor,al-Qatif,Saudi Arabia,91.78
418,Jeff,East,437 Chungho Drive,San Felipe de Puerto Plata,Dominican Republic,107.7
419,Chad,Carbone,1948 Bayugan Parkway,Katihar,India,86.76
420,Jacob,Lance,1866 al-Qatif Avenue,El Monte,United States,74.8
421,Lee,Hawks,1661 Abha Drive,Pudukkottai,India,117.75
422,Melvin,Ellington,1557 Cape Coral Parkway,Laohekou,China,96.75
423,Alfred,Casillas,1727 Matamoros Place,Sawhaj,Egypt,120.74
424,Kyle,Spurlock,1269 Botosani Manor,Shanwei,China,109.71
425,Francis,Sikes,355 Vitria de Santo Anto Way,San Juan Bautista Tuxtepec,Mexico,98.75
426,Bradley,Motley,1596 Acua Parkway,Purnea (Purnia),India,125.74
427,Jesus,Mccartney,259 Ipoh Drive,Guaruj,Brazil,107.77
428,Herbert,Kruger,1823 Hoshiarpur Lane,Syktyvkar,Russian Federation,73.81
429,Frederick,Isbell,1404 Taguig Drive,Tsuyama,Japan,78.84
430,Ray,Houle,740 Udaipur Lane,Dzerzinsk,Russian Federation,71.8
431,Joel,Francisco,287 Cuautla Boulevard,Sucre,Bolivia,92.78
432,Edwin,Burk,1766 Almirante Brown Street,Newcastle,South Africa,93.8
433,Don,Bone,596 Huixquilucan Place,Naala-Porto,Mozambique,113.77
434,Eddie,Tomlin,1351 Aparecida de Goinia Parkway,Ozamis,Philippines,122.74
435,Ricky,Shelby,722 Bradford Lane,Junan,China,78.77
436,Troy,Quigley,983 Santa F Way,Vancouver,Canada,126.73
437,Randall,Neumann,1245 Ibirit Way,La Romana,Dominican Republic,85.8
438,Barry,Lovelace,1836 Korla Parkway,Kitwe,Zambia,121.7
439,Alexander,Fennell,231 Kaliningrad Place,Bergamo,Italy,137.67
440,Bernard,Colby,495 Bhimavaram Lane,Dhule (Dhulia),India,83.79
441,Mario,Cheatham,1924 Shimonoseki Drive,Batna,Algeria,107.73
442,Leroy,Bustamante,105 Dzerzinsk Manor,Tongliao,China,104.71
443,Francisco,Skidmore,614 Denizli Parkway,So Leopoldo,Brazil,93.79
444,Marcus,Hidalgo,1289 Belm Boulevard,Tartu,Estonia,105.72
445,Micheal,Forman,203 Tambaram Street,Escobar,Argentina,96.76
446,Theodore,Culp,1704 Tambaram Manor,Uluberia,India,109.72
447,Clifford,Bowens,207 Cuernavaca Loop,Nabereznyje Telny,Russian Federation,109.73
448,Miguel,Betancourt,319 Springs Loop,Erlangen,Germany,127.73
449,Oscar,Aquino,956 Nam Dinh Manor,Sirjan,Iran,80.83
450,Jay,Robb,1947 Paarl Way,Surakarta,Indonesia,85.75
451,Jim,Rea,814 Simferopol Loop,El Fuerte,Mexico,121.7
452,Tom,Milner,535 Ahmadnagar Manor,Abu Dhabi,United Arab Emirates,99.71
453,Calvin,Martel,138 Caracas Boulevard,Maracabo,Venezuela,111.77
454,Alex,Gresham,251 Florencia Drive,Uruapan,Mexico,143.68
455,Jon,Wiles,659 Gatineau Boulevard,El Alto,Bolivia,85.78
456,Ronnie,Ricketts,1889 Valparai Way,Ziguinchor,Senegal,95.76
457,Bill,Gavin,1485 Bratislava Place,Rockford,United States,106.73
458,Lloyd,Dowd,935 Aden Boulevard,Tegal,Indonesia,66.81
459,Tommy,Collazo,76 Kermanshah Manor,Qomsheh,Iran,183.63
460,Leon,Bostic,734 Tanshui Avenue,Florencia,Colombia,97.79
461,Derek,Blakely,118 Jaffna Loop,Gingoog,Philippines,90.73
462,Warren,Sherrod,1621 Tongliao Avenue,Usolje-Sibirskoje,Russian Federation,152.69
463,Darrell,Power,1844 Usak Avenue,Halifax,Canada,89.76
464,Jerome,Kenyon,1872 Toulon Loop,Rancagua,Chile,67.86
465,Floyd,Gandy,1088 Ibirit Place,Zapopan,Mexico,68.84
466,Leo,Ebert,1322 Mosul Parkway,Dongying,China,101.78
467,Alvin,Deloach,1447 Chatsworth Place,Cuauhtmoc,Mexico,134.72
468,Tim,Cary,1257 Guadalajara Street,Bijapur,India,154.66
469,Wesley,Bull,1469 Plock Lane,Ourense (Orense),Spain,158.65
470,Gordon,Allard,434 Ourense (Orense) Manor,Hodeida,Yemen,157.69
471,Dean,Sauer,270 Tambaram Parkway,Johannesburg,South Africa,106.74
472,Greg,Robins,1786 Salinas Place,Nam Dinh,Vietnam,131.74
473,Jorge,Olivares,1078 Stara Zagora Drive,Lhokseumawe,Indonesia,122.69
474,Dustin,Gillette,1854 Okara Boulevard,Emmen,Netherlands,92.75
475,Pedro,Chestnut,421 Yaound Street,ostka,Ukraine,97.78
476,Derrick,Bourque,1153 Allende Way,Gatineau,Canada,87.8
477,Dan,Paine,808 Naala-Porto Parkway,Stockport,United Kingdom,106.79
478,Lewis,Lyman,632 Usolje-Sibirskoje Parkway,Ashqelon,Israel,86.81
479,Zachary,Hite,98 Pyongyang Boulevard,Akron,United States,134.71
480,Corey,Hauser,984 Novoterkassk Loop,Gaziantep,Turkey,83.81
481,Herman,Devore,64 Korla Street,Mwanza,Tanzania,109.72
482,Maurice,Crawley,1785 So Bernardo do Campo Street,Coatzacoalcos,Mexico,125.74
483,Vernon,Chapa,698 Jelets Boulevard,Denizli,Turkey,81.83
484,Roberto,Vu,1297 Alvorada Parkway,Yinchuan,China,128.73
485,Clyde,Tobias,1909 Dayton Avenue,Shaoguan,China,112.72
486,Glen,Talbert,1789 Saint-Denis Parkway,Acua,Mexico,100.77
487,Hector,Poindexter,185 Mannheim Lane,Pjatigorsk,Russian Federation,119.74
488,Shane,Millard,184 Mandaluyong Street,La Paz,Mexico,95.78
489,Ricardo,Meador,591 Sungai Petani Drive,Okayama,Japan,91.81
490,Sam,Mcduffie,656 Matamoros Drive,Sogamoso,Colombia,105.78
491,Rick,Mattox,775 ostka Drive,Mit Ghamr,Egypt,120.75
492,Lester,Kraus,1013 Tabuk Boulevard,Kanchrapara,India,62.85
493,Brent,Harkins,319 Plock Parkway,Sultanbeyli,Turkey,104.78
494,Ramon,Choate,1954 Kowloon and New Kowloon Way,Robamba,Ecuador,135.7
495,Charlie,Bess,362 Rajkot Lane,Baiyin,China,110.76
496,Tyler,Wren,1060 Tandil Lane,Rizhao,China,82.81
497,Gilbert,Sledge,1515 Korla Way,York,United Kingdom,121.73
498,Gene,Sanborn,1416 San Juan Bautista Tuxtepec Avenue,Salala,Oman,82.76
499,Marc,Outlaw,1 Valle de Santiago Avenue,Brindisi,Italy,120.71
500,Reginald,Kinder,519 Brescia Parkway,Madiun,Indonesia,96.75
501,Ruben,Geary,414 Mandaluyong Street,Lublin,Poland,86.81
502,Brett,Cornwell,1197 Sokoto Boulevard,Siliguri (Shiliguri),India,130.7
503,Angel,Barclay,496 Celaya Drive,Ueda,Japan,99.72
504,Nathaniel,Adam,786 Matsue Way,Joliet,United States,117.75
505,Rafael,Abney,48 Maracabo Place,Talavera,Philippines,91.81
506,Leslie,Seward,1152 al-Qatif Lane,Pontianak,Indonesia,123.72
507,Edgar,Rhoads,1269 Ipoh Avenue,Eskisehir,Turkey,89.77
508,Milton,Howland,758 Korolev Parkway,Vijayawada,India,121.77
509,Raul,Fortier,1747 Rustenburg Place,Chapra,India,86.82
510,Ben,Easter,886 Tonghae Place,Kamyin,Russian Federation,102.77
511,Chester,Benner,1574 Goinia Boulevard,Suihua,China,92.78
512,Cecil,Vines,548 Uruapan Street,London,United Kingdom,115.74
513,Duane,Tubbs,962 Tama Loop,Yangor,Nauru,143.7
514,Franklin,Troutman,1778 Gijn Manor,Zaoyang,China,69.79
515,Andre,Rapp,568 Dhule (Dhulia) Loop,Coquimbo,Chile,110.74
516,Elmer,Noe,1768 Udine Loop,Battambang,Cambodia,92.76
517,Brad,Mccurdy,608 Birgunj Parkway,Chungho,Taiwan,100.76
518,Gabriel,Harder,680 A Corua (La Corua) Manor,Sivas,Turkey,108.75
519,Ron,Deluca,1949 Sanya Street,Isesaki,Japan,99.78
520,Mitchell,Westmoreland,617 Klerksdorp Place,Nha Trang,Vietnam,127.69
521,Roland,South,1993 0 Loop,Yingkou,China,80.77
522,Arnold,Havens,1176 Southend-on-Sea Manor,Santa Rosa,Philippines,161.68
523,Harvey,Guajardo,600 Purnea (Purnia) Avenue,Vinh,Vietnam,87.8
524,Jared,Ely,1003 Qinhuangdao Street,Purwakarta,Indonesia,81.83
525,Adrian,Clary,1986 Sivas Place,Udine,Italy,68.82
526,Karl,Seal,1427 Tabuk Place,Cape Coral,United States,208.58
527,Cory,Meehan,556 Asuncin Way,Mogiljov,Belarus,81.76
528,Claude,Herzog,486 Ondo Parkway,Benguela,Angola,93.8
529,Erik,Guillen,635 Brest Manor,Bhimavaram,India,115.72
530,Darryl,Ashcraft,166 Jinchang Street,Ezeiza,Argentina,75.78
531,Jamie,Waugh,958 Sagamihara Lane,Kuwana,Japan,110.77
532,Neil,Renner,1817 Livorno Way,Cam Ranh,Vietnam,149.69
533,Jessie,Milam,1332 Gaziantep Lane,Binzhou,China,132.7
534,Christian,Jung,949 Allende Lane,Amroha,India,81.78
535,Javier,Elrod,195 Ilorin Street,NDjamna,Chad,122.72
536,Fernando,Churchill,193 Bhusawal Place,Tonghae,South Korea,109.77
537,Clinton,Buford,43 Vilnius Manor,Aurora,United States,98.76
538,Ted,Breaux,183 Haiphong Street,Baicheng,China,109.73
539,Mathew,Bolin,163 Augusta-Richmond County Loop,Valencia,Venezuela,84.8
540,Tyrone,Asher,191 Jos Azueta Parkway,Ruse,Bulgaria,112.76
541,Darren,Windham,379 Lublin Parkway,Livorno,Italy,95.78
542,Lonnie,Tirado,1658 Cuman Loop,Pangkal Pinang,Indonesia,84.84
543,Lance,Pemberton,454 Qinhuangdao Drive,Beni-Mellal,Morocco,73.8
544,Cody,Nolen,1715 Okayama Street,So Bernardo do Campo,Brazil,92.8
545,Julio,Noland,182 Nukualofa Drive,Konotop,Ukraine,84.81
546,Kelly,Knott,390 Wroclaw Way,Sanya,China,94.76
547,Kurt,Emmons,1421 Quilmes Lane,Kanazawa,Japan,87.8
548,Allan,Cornish,947 Trshavn Place,Tarlac,Philippines,63.84
549,Nelson,Christenson,1764 Jalib al-Shuyukh Parkway,Santiago de Compostela,Spain,62.84
550,Guy,Brownlee,346 Cam Ranh Avenue,Zhoushan,China,151.69
551,Clayton,Barbee,1407 Pachuca de Soto Place,Alvorada,Brazil,75.79
552,Hugh,Waldrop,904 Clarksville Drive,Haining,China,89.8
553,Max,Pitt,1917 Kumbakonam Parkway,Novi Sad,Yugoslavia,102.77
554,Dwayne,Olvera,1447 Imus Place,Rajkot,India,95.8
555,Dwight,Lombardi,1497 Fengshan Drive,Chatsworth,South Africa,74.83
556,Armando,Gruber,869 Shikarpur Way,Southport,United Kingdom,72.82
557,Felix,Gaffney,1059 Yuncheng Avenue,Vilnius,Lithuania,63.78
558,Jimmie,Eggleston,505 Madiun Boulevard,Wroclaw,Poland,135.72
559,Everett,Banda,1741 Hoshiarpur Boulevard,Bilbays,Egypt,110.72
560,Jordan,Archuleta,1229 Varanasi (Benares) Manor,Avellaneda,Argentina,129.71
561,Ian,Still,1894 Boa Vista Way,Garland,United States,86.75
562,Wallace,Slone,1342 Sharja Way,Sokoto,Nigeria,97.78
563,Ken,Prewitt,1342 Abha Boulevard,Bucuresti,Romania,99.73
564,Bob,Pfeiffer,415 Pune Avenue,Xintai,China,82.78
565,Jaime,Nettles,1746 Faaa Way,Hunuco,Peru,118.73
566,Casey,Mena,539 Hami Way,Tokat,Turkey,130.68
567,Alfredo,Mcadams,1407 Surakarta Manor,Serpuhov,Russian Federation,85.8
568,Alberto,Henning,502 Mandi Bahauddin Parkway,Barcelona,Venezuela,66.79
569,Dave,Gardiner,1052 Pathankot Avenue,Leshan,China,113.73
570,Ivan,Cromwell,1351 Sousse Lane,Monclova,Mexico,91.75
571,Johnnie,Chisholm,1501 Pangkal Pinang Avenue,Plock,Poland,107.78
572,Sidney,Burleson,1405 Hagonoy Avenue,Czestochowa,Poland,100.76
573,Byron,Box,521 San Juan Bautista Tuxtepec Place,Zhezqazghan,Kazakstan,117.72
574,Julian,Vest,923 Tangail Boulevard,Akishima,Japan,108.73
575,Isaac,Oglesby,186 Skikda Lane,Cuernavaca,Mexico,109.76
576,Morris,Mccarter,1568 Celaya Parkway,Fengshan,Taiwan,135.68
577,Clifton,Malcolm,1489 Kakamigahara Lane,Tanshui,Taiwan,111.74
578,Willard,Lumpkin,1819 Alessandria Loop,Carmen,Mexico,95.79
579,Daryl,Larue,1208 Tama Loop,Mosul,Iraq,111.73
580,Ross,Grey,951 Springs Lane,Iligan,Philippines,98.74
581,Virgil,Wofford,760 Miyakonojo Drive,Jos Azueta,Mexico,97.75
582,Andy,Vanhorn,966 Asuncin Way,Huejutla de Reyes,Mexico,112.76
583,Marshall,Thorn,1584 Ljubertsy Lane,Southampton,United Kingdom,117.77
584,Salvador,Teel,247 Jining Parkway,Banjul,Gambia,114.73
585,Perry,Swafford,773 Dallas Manor,Quilmes,Argentina,117.76
586,Kirk,Stclair,1923 Stara Zagora Lane,Tsaotun,Taiwan,50.83
587,Sergio,Stanfield,1402 Zanzibar Boulevard,Celaya,Mexico,102.76
588,Marion,Ocampo,1464 Kursk Parkway,Weifang,China,107.73
589,Tracy,Herrmann,1074 Sanaa Parkway,Loja,Ecuador,118.75
590,Seth,Hannon,1759 Niznekamsk Avenue,al-Manama,Bahrain,108.76
591,Kent,Arsenault,32 Liaocheng Way,Juiz de Fora,Brazil,134.73
592,Terrance,Roush,42 Fontana Avenue,Szkesfehrvr,Hungary,111.71
593,Rene,Mcalister,1895 Zhezqazghan Drive,Garden Grove,United States,101.76
594,Eduardo,Hiatt,1837 Kaduna Parkway,Jining,China,108.77
595,Terrence,Gunderson,844 Bucuresti Place,Jinzhou,China,110.71
596,Enrique,Forsythe,1101 Bucuresti Boulevard,Patras,Greece,73.78
597,Freddie,Duggan,1103 Quilmes Boulevard,Sullana,Peru,87.77
598,Wade,Delvalle,1331 Usak Boulevard,Lausanne,Switzerland,83.78
599,Austin,Cintron,1325 Fukuyama Street,Tieli,China,78.82
